Workbook

Sheet Full Data
A1: SEARCHED | B1: SUMMARY | E1: ---------------------------------------------------------------------------------EXPORTS (LINKED TO EXPORT SHEET--------------------------------------------------------------------------------- | L1: COMPARE | M1: IMPORTED | N1: PUBCHEM | O1: SDS SHEET | P1: HAZARDS | Q1: PICTOGRAMS | R1: PICTOGRAM CODES
A2: Aluminum hydroxide | B2: STATUS CODE: | C2: ✅✅ Extremely Confident | D2: -----------> | E2: NAME: | F2: Aluminium hydroxide | G2: HAZARDS: | H2: None Identified | I2: UNITS | J2: lb | K2: <----------- | L2: NAME: | M2: Aluminum hydroxide | N2: Hydrated alumina | O2: Aluminium hydroxide | P2: None Identified
B3: CONFIDENCE SCORE: | C3: 90 | D3: -----------> | E3: SYNONYMS: | F3: Aluminum trihydroxide: Aluminum oxide trihydrate. Aluminic acid Alumina trihydrate | I3: QUANTITY | J3: 1 | K3: <----------- | L3: CAS NO.: | M3: 21645-51-2 | N3: 21645-51-2 14762-49-3 | O3: 21645-51-2
B4: CONF. SCORE INFO: | D4: -----------> | E4: SUPPLIER | F4: Fisher | G4: PICTOGRAM CODES: | H4: [] | I4: STORAGE NOTES | J4: Keep containers tightly closed in a dry, cool and well-ventilated place. Incompatible Materials. Strong oxidizing agents. | K4: <----------- | L4: SYNONYMS: | N4: aluminum hydrate Dried aluminium hydroxide Aluminum hydroxide, dried ALternaGEL Aluminium hydroxide, dried | O4: Aluminum trihydroxide: Aluminum oxide trihydrate. Aluminic acid Alumina trihydrate
A5: 21645-51-2 | D5: -----------> | E5: CAS NO: | F5: 21645-51-2 | G5: SDS LINK: | H5: {} | K5: <----------- | L5: FORMULA: | N5: AlH3O3 | O5: AlH3O3 | P5: H315 (19.7%): Causes skin irritation [Warning Skin corrosion/irritation] H319 (21%): Causes serious eye irritation [Warning Serious eye damage/eye irritation] H335 (19.8%): May cause respiratory irritation [Warning Specific target organ toxicity, single exposure; Respiratory tract irritation] | Q5: Irritant | R5: IR
D6: -----------> | E6: CLASS: | F6: Metal-containing compound | G6: LOCATION: | H6: 6-144 | I6: FORMULA | J6: AlH3O3 | K6: <----------- | L6: MW: | N6: 78.004 | O6: 78
B7: ERRORS: | D7: -----------> | E7: SIGNAL WORD: | F7: None | G7: SHELF: | H7: A-2 | I7: SDS REV. DATE: | J7: 22-Dec-2025 | K7: <----------- | L7: SIGNAL WORD: | N7: Warning | O7: None
A9: Aluminum nitrate nonahydrate | B9: STATUS CODE: | C9: ✅✅ Extremely Confident | D9: -----------> | E9: NAME: | F9: Aluminium nitrate nonahydrate | G9: HAZARDS: | H9: Causes serious eye damage | I9: UNITS | J9: lb | K9: <----------- | L9: NAME: | M9: Aluminum nitrate nonahydrate | N9: Aluminum nitrate nonahydrate | O9: Aluminium nitrate nonahydrate | P9: Causes serious eye damage | Q9: corrosive | R9: CO
B10: CONFIDENCE SCORE: | C10: 85 | D10: -----------> | E10: SYNONYMS: | F10: Nitric acid aluminum salt nonahydrate (Crystalline/Certified ACS) | I10: QUANTITY | J10: 0.5 | K10: <----------- | L10: CAS NO.: | M10: 7784-27-2 | N10: 7784-27-2 | O10: 7784-27-2
B11: CONF. SCORE INFO: | D11: -----------> | E11: SUPPLIER | F11: JT Baker | G11: PICTOGRAM CODES: | H11: CO | I11: STORAGE NOTES | J11: Keep containers tightly closed in a dry, cool and well-ventilated place. Store under an inert atmosphere. Air sensitive. Incompatible Materials. Bases. Reducing Agent. Acids. Heavy metals. Cyanides. Strong reducing agents. | K11: <----------- | L11: SYNONYMS: | N11: 8MC6621V1H DTXSID401015755 Aluminium nitrate nonahydrate RefChem:111681 DTXCID401473937 | O11: Nitric acid aluminum salt nonahydrate (Crystalline/Certified ACS)
A12: 7784-27-2 | D12: -----------> | E12: CAS NO: | F12: 7784-27-2 | G12: SDS LINK: | H12: {} | K12: <----------- | L12: FORMULA: | N12: AlH18N3O18 | O12: AlN3O9.9H2O | P12: H272 (70.2%): May intensify fire; oxidizer [Danger Oxidizing liquids; Oxidizing solids] H315 (29.8%): Causes skin irritation [Warning Skin corrosion/irritation] H318 (68.9%): Causes serious eye damage [Danger Serious eye damage/eye irritation] H319 (29.8%): Causes serious eye irritation [Warning Serious eye damage/eye irritation] | Q12: Oxidizer Corrosive Irritant | R12: OX, CO, IR
D13: -----------> | E13: CLASS: | F13: Metal-containing compound | G13: LOCATION: | H13: 6-144 | I13: FORMULA | J13: AlN3O9.9H2O | K13: <----------- | L13: MW: | N13: 375.13 | O13: 375.13
B14: ERRORS: | D14: -----------> | E14: SIGNAL WORD: | F14: Danger | G14: SHELF: | H14: A-2 | I14: SDS REV. DATE: | J14: 18-Dec-2025 | K14: <----------- | L14: SIGNAL WORD: | N14: Danger | O14: Danger
A16: Aluminum nitrate nonahydrate | B16: STATUS CODE: | C16: ✅✅ Extremely Confident | D16: -----------> | E16: NAME: | F16: Aluminium nitrate nonahydrate | G16: HAZARDS: | H16: Causes serious eye damage | I16: UNITS | J16: g | K16: <----------- | L16: NAME: | M16: Aluminum nitrate nonahydrate | N16: Aluminum nitrate nonahydrate | O16: Aluminium nitrate nonahydrate | P16: Causes serious eye damage | Q16: corrosive | R16: CO
B17: CONFIDENCE SCORE: | C17: 85 | D17: -----------> | E17: SYNONYMS: | F17: Nitric acid aluminum salt nonahydrate (Crystalline/Certified ACS) | I17: QUANTITY | J17: 250 | K17: <----------- | L17: CAS NO.: | M17: 7784-27-2 | N17: 7784-27-2 | O17: 7784-27-2
B18: CONF. SCORE INFO: | D18: -----------> | E18: SUPPLIER | F18: EM Science | G18: PICTOGRAM CODES: | H18: CO | I18: STORAGE NOTES | J18: Keep containers tightly closed in a dry, cool and well-ventilated place. Store under an inert atmosphere. Air sensitive. Incompatible Materials. Bases. Reducing Agent. Acids. Heavy metals. Cyanides. Strong reducing agents. | K18: <----------- | L18: SYNONYMS: | N18: 8MC6621V1H DTXSID401015755 Aluminium nitrate nonahydrate RefChem:111681 DTXCID401473937 | O18: Nitric acid aluminum salt nonahydrate (Crystalline/Certified ACS)
A19: 7784-27-2 | D19: -----------> | E19: CAS NO: | F19: 7784-27-2 | G19: SDS LINK: | H19: {} | K19: <----------- | L19: FORMULA: | N19: AlH18N3O18 | O19: AlN3O9.9H2O | P19: H272 (70.2%): May intensify fire; oxidizer [Danger Oxidizing liquids; Oxidizing solids] H315 (29.8%): Causes skin irritation [Warning Skin corrosion/irritation] H318 (68.9%): Causes serious eye damage [Danger Serious eye damage/eye irritation] H319 (29.8%): Causes serious eye irritation [Warning Serious eye damage/eye irritation] | Q19: Oxidizer Corrosive Irritant | R19: OX, CO, IR
D20: -----------> | E20: CLASS: | F20: Metal-containing compound | G20: LOCATION: | H20: 6-144 | I20: FORMULA | J20: AlN3O9.9H2O | K20: <----------- | L20: MW: | N20: 375.13 | O20: 375.13
B21: ERRORS: | D21: -----------> | E21: SIGNAL WORD: | F21: Danger | G21: SHELF: | H21: A-2 | I21: SDS REV. DATE: | J21: 18-Dec-2025 | K21: <----------- | L21: SIGNAL WORD: | N21: Danger | O21: Danger
A23: Aluminum Oxide (Alumina, basic) | B23: STATUS CODE: | C23: ✅ Pass | D23: -----------> | E23: NAME: | F23: Aluminum oxide, alpha | G23: HAZARDS: | H23: None Identified | I23: UNITS | J23: g | K23: <----------- | L23: NAME: | M23: Aluminum Oxide (Alumina, basic) | N23: ALUMINUM OXIDE | O23: Aluminum oxide, alpha | P23: None Identified
B24: CONFIDENCE SCORE: | C24: 75 | D24: -----------> | E24: SYNONYMS: | F24: No information available | I24: QUANTITY | J24: 200 | K24: <----------- | L24: CAS NO.: | M24: 1344-28-1 | N24: 1344-28-1 39377-45-2 12174-49-1 90669-62-8 | O24: 1344-28-1
B25: CONF. SCORE INFO: | D25: -----------> | E25: SUPPLIER | F25: Fisher | G25: PICTOGRAM CODES: | H25: [] | I25: STORAGE NOTES | J25: Keep containers tightly closed in a dry, cool and well-ventilated place. | K25: <----------- | L25: SYNONYMS: | N25: Aluminium oxide Aloxite gamma-Alumina Aluminum trioxide Dialuminum trioxide | O25: No information available
A26: 1344-28-1 | D26: -----------> | E26: CAS NO: | F26: 1344-28-1 | G26: SDS LINK: | H26: {} | K26: <----------- | L26: FORMULA: | N26: Al2O3 | O26: Al2O3 | P26: Not Classified Reported as not meeting GHS hazard criteria by 2917 of 3142 companies (only 7.2% companies provided GHS information). For more detailed information, please visit ECHA C&L website. H335 (100%): May cause respiratory irritation [Warning Specific target organ toxicity, single exposure; Respiratory tract irritation] Not Classified Reported as not meeting GHS hazard criteria by 1 of 1 companies. For more detailed information, please visit ECHA C&L website. H372: Causes damage to organs through prolonged or repeated exposure [Danger Specific target organ toxicity, repeated exposure] | Q26: Irritant Health Hazard | R26: IR, CA
D27: -----------> | E27: CLASS: | F27: Metal-containing compound | G27: LOCATION: | H27: 6-144 | I27: FORMULA | J27: Al2O3 | K27: <----------- | L27: MW: | N27: 101.961 | O27: 101.96 g/mol
B28: ERRORS: | D28: -----------> | E28: SIGNAL WORD: | F28: None | G28: SHELF: | H28: A-2 | I28: SDS REV. DATE: | J28: 22-Dec-2025 | K28: <----------- | L28: SIGNAL WORD: | N28: Warning | O28: None
A30: Aluminum oxide, activated, neutral | B30: STATUS CODE: | C30: ✅ Pass | D30: -----------> | E30: NAME: | F30: Aluminum oxide, alpha | G30: HAZARDS: | H30: None Identified | I30: UNITS | J30: g | K30: <----------- | L30: NAME: | M30: Aluminum oxide, activated, neutral | N30: ALUMINUM OXIDE | O30: Aluminum oxide, alpha | P30: None Identified
B31: CONFIDENCE SCORE: | C31: 75 | D31: -----------> | E31: SYNONYMS: | F31: No information available | I31: QUANTITY | J31: 300 | K31: <----------- | L31: CAS NO.: | M31: 1344-28-1 | N31: 1344-28-1 39377-45-2 12174-49-1 90669-62-8 | O31: 1344-28-1
B32: CONF. SCORE INFO: | D32: -----------> | E32: SUPPLIER | F32: Acros | G32: PICTOGRAM CODES: | H32: [] | I32: STORAGE NOTES | J32: Keep containers tightly closed in a dry, cool and well-ventilated place. | K32: <----------- | L32: SYNONYMS: | N32: Aluminium oxide Aloxite gamma-Alumina Aluminum trioxide Dialuminum trioxide | O32: No information available
A33: 1344-28-1 | D33: -----------> | E33: CAS NO: | F33: 1344-28-1 | G33: SDS LINK: | H33: {} | K33: <----------- | L33: FORMULA: | N33: Al2O3 | O33: Al2O3 | P33: Not Classified Reported as not meeting GHS hazard criteria by 2917 of 3142 companies (only 7.2% companies provided GHS information). For more detailed information, please visit ECHA C&L website. H335 (100%): May cause respiratory irritation [Warning Specific target organ toxicity, single exposure; Respiratory tract irritation] Not Classified Reported as not meeting GHS hazard criteria by 1 of 1 companies. For more detailed information, please visit ECHA C&L website. H372: Causes damage to organs through prolonged or repeated exposure [Danger Specific target organ toxicity, repeated exposure] | Q33: Irritant Health Hazard | R33: IR, CA
D34: -----------> | E34: CLASS: | F34: Metal-containing compound | G34: LOCATION: | H34: 6-144 | I34: FORMULA | J34: Al2O3 | K34: <----------- | L34: MW: | N34: 101.961 | O34: 101.96 g/mol
B35: ERRORS: | D35: -----------> | E35: SIGNAL WORD: | F35: None | G35: SHELF: | H35: A-2 | I35: SDS REV. DATE: | J35: 22-Dec-2025 | K35: <----------- | L35: SIGNAL WORD: | N35: Warning | O35: None

Sheet Success Report
A1: Summary and Success Report Date: 3/15/2026, 4:14:25 PM _______________________________ Runtime: 46.5seconds _______________________________ Total Chemicals ran: undefined _______________________________ Successful SDS Sheets Total: undefined Percentage: NaN% _______________________________ SDS Sheets that need review Total: undefined Percentage: NaN% _______________________________ Failed SDS Sheets Total: undefined Percentage: NaN% _______________________________ Errors encountered Total: undefined Percentage: NaN% | G1: FAILED CHEMICAL NAME | H1: ROW NUMBER IN FULL DATA SHEET

Sheet Export
A1: ChemicalName | B1: Formula | C1: Synonyms | D1: CatalogCode | E1: CompanyName | F1: Grade | G1: Disposal | H1: CAS | I1: Class | J1: CompatibleFamily | K1: SignalWord | L1: HazardStatement | M1: GHSCodes | N1: SDSURL | O1: School | P1: StoreRoom | Q1: Shelf | R1: UOM | S1: LastUsed | T1: MinReorderAmount | U1: Amount | V1: Notes | W1: KitCatalog
A2: =='Full Data'!F2 | B2: =='Full Data'!J6 | C2: =='Full Data'!F3 | E2: =='Full Data'!F4 | H2: =='Full Data'!F5 | I2: =='Full Data'!F6 | K2: =='Full Data'!F7 | L2: =='Full Data'!H2 | M2: =='Full Data'!H4 | N2: =='Full Data'!H5 | O2: CSCC TUNXIS | P2: =='Full Data'!H6 | Q2: =='Full Data'!H7 | R2: =='Full Data'!J2 | U2: =='Full Data'!J3 | V2: =='Full Data'!J4
A3: =='Full Data'!F9 | B3: =='Full Data'!J13 | C3: =='Full Data'!F10 | E3: =='Full Data'!F11 | H3: =='Full Data'!F12 | I3: =='Full Data'!F13 | K3: =='Full Data'!F14 | L3: =='Full Data'!H9 | M3: =='Full Data'!H11 | N3: =='Full Data'!H12 | O3: CSCC TUNXIS | P3: =='Full Data'!H13 | Q3: =='Full Data'!H14 | R3: =='Full Data'!J9 | U3: =='Full Data'!J10 | V3: =='Full Data'!J11
A4: =='Full Data'!F16 | B4: =='Full Data'!J20 | C4: =='Full Data'!F17 | E4: =='Full Data'!F18 | H4: =='Full Data'!F19 | I4: =='Full Data'!F20 | K4: =='Full Data'!F21 | L4: =='Full Data'!H16 | M4: =='Full Data'!H18 | N4: =='Full Data'!H19 | O4: CSCC TUNXIS | P4: =='Full Data'!H20 | Q4: =='Full Data'!H21 | R4: =='Full Data'!J16 | U4: =='Full Data'!J17 | V4: =='Full Data'!J18
A5: =='Full Data'!F23 | B5: =='Full Data'!J27 | C5: =='Full Data'!F24 | E5: =='Full Data'!F25 | H5: =='Full Data'!F26 | I5: =='Full Data'!F27 | K5: =='Full Data'!F28 | L5: =='Full Data'!H23 | M5: =='Full Data'!H25 | N5: =='Full Data'!H26 | O5: CSCC TUNXIS | P5: =='Full Data'!H27 | Q5: =='Full Data'!H28 | R5: =='Full Data'!J23 | U5: =='Full Data'!J24 | V5: =='Full Data'!J25
A6: =='Full Data'!F30 | B6: =='Full Data'!J34 | C6: =='Full Data'!F31 | E6: =='Full Data'!F32 | H6: =='Full Data'!F33 | I6: =='Full Data'!F34 | K6: =='Full Data'!F35 | L6: =='Full Data'!H30 | M6: =='Full Data'!H32 | N6: =='Full Data'!H33 | O6: CSCC TUNXIS | P6: =='Full Data'!H34 | Q6: =='Full Data'!H35 | R6: =='Full Data'!J30 | U6: =='Full Data'!J31 | V6: =='Full Data'!J32
